school,season,game_id,win,sets_won,total_points,attack_success,attack_attempted,block_success,block_attempted,serve_success,serve_attempted,dig_success,dig_attempted,receive_success,receive_attempted,set_success,set_attempted
DE LA SALLE UNIVERSITY,87,126,0,0,56,26 , 147,8 , 53,3 , 57,35 , 120,32 , 68,12 , 121
NATIONAL UNIVERSITY,87,126,1,3,75,48 , 143,7 , 47,2 , 74,53 , 122,23 , 53,17 , 125
NATIONAL UNIVERSITY,87,124,1,3,88,62 , 172,4 , 66,4 , 87,50 , 149,43 , 73,25 , 147
DE LA SALLE UNIVERSITY,87,124,0,1,80,47 , 154,7 , 66,4 , 81,40 , 140,38 , 75,19 , 138
DE LA SALLE UNIVERSITY,87,121,1,3,86,46 , 173,11 , 71,7 , 85,53 , 144,34 , 82,17 , 154
UNIVERSITY OF STO. TOMAS,87,121,0,1,89,52 , 171,2 , 53,4 , 90,50 , 158,24 , 74,17 , 143
FAR EASTERN UNIVERSITY,87,120,0,2,102,64 , 194,10 , 71,5 , 102,51 , 165,52 , 103,23 , 174
NATIONAL UNIVERSITY,87,120,1,3,109,71 , 192,13 , 74,6 , 109,51 , 169,45 , 96,28 , 175
UNIVERSITY OF STO. TOMAS,87,117,0,1,100,48 , 178,8 , 65,6 , 101,62 , 155,40 , 88,32 , 157
DE LA SALLE UNIVERSITY,87,117,1,3,107,58 , 189,20 , 63,4 , 105,58 , 145,40 , 96,34 , 165
NATIONAL UNIVERSITY,87,116,1,3,110,72 , 194,9 , 68,5 , 110,71 , 158,38 , 84,34 , 166
UNIVERSITY OF STO. TOMAS,87,116,0,2,94,54 , 187,5 , 81,8 , 94,52 , 152,46 , 100,23 , 157
UNIVERSITY OF THE PHILIPPINES,87,115,0,0,52,21 , 123,5 , 42,3 , 53,33 , 103,21 , 68,10 , 103
ADAMSON UNIVERSITY,87,115,1,3,75,46 , 122,5 , 53,6 , 74,48 , 93,16 , 47,17 , 104
FAR EASTERN UNIVERSITY,87,112,1,3,98,60 , 180,7 , 60,6 , 97,51 , 165,40 , 84,24 , 160
DE LA SALLE UNIVERSITY,87,112,0,1,94,59 , 185,8 , 70,3 , 95,51 , 156,44 , 88,18 , 152
ATENEO DE MANILA UNIVERSITY,87,111,1,3,100,53 , 198,10 , 87,4 , 99,50 , 173,40 , 84,28 , 175
UNIVERSITY OF THE EAST,87,111,0,1,87,49 , 214,11 , 95,2 , 88,54 , 179,36 , 92,15 , 191
DE LA SALLE UNIVERSITY,87,108,1,3,108,65 , 167,12 , 72,5 , 107,43 , 137,39 , 80,23 , 144
ADAMSON UNIVERSITY,87,108,0,2,91,62 , 178,8 , 61,2 , 92,49 , 142,55 , 101,26 , 164
UNIVERSITY OF STO. TOMAS,87,107,1,2,75,44 , 141,12 , 59,4 , 74,48 , 117,29 , 57,20 , 125
UNIVERSITY OF THE PHILIPPINES,87,107,0,0,59,36 , 136,6 , 56,1 , 60,43 , 114,36 , 69,17 , 118
UNIVERSITY OF THE PHILIPPINES,87,104,1,3,104,60 , 176,6 , 65,5 , 103,56 , 162,47 , 98,35 , 159
DE LA SALLE UNIVERSITY,87,104,0,2,110,62 , 177,9 , 58,10 , 111,54 , 148,41 , 88,30 , 159
NATIONAL UNIVERSITY,87,103,1,2,75,46 , 107,12 , 48,4 , 73,27 , 77,25 , 48,19 , 94
ATENEO DE MANILA UNIVERSITY,87,103,0,0,52,28 , 111,2 , 27,0 , 53,21 , 108,23 , 62,13 , 96
ADAMSON UNIVERSITY,87,100,1,3,93,53 , 167,12 , 74,5 , 92,42 , 137,46 , 88,17 , 145
FAR EASTERN UNIVERSITY,87,100,0,1,96,55 , 160,5 , 52,3 , 97,48 , 140,38 , 83,25 , 145
UNIVERSITY OF THE EAST,87,99,0,0,50,19 , 124,4 , 45,2 , 51,35 , 95,24 , 64,9 , 102
UNIVERSITY OF STO. TOMAS,87,99,1,3,75,46 , 120,6 , 43,4 , 74,38 , 95,17 , 44,15 , 102
ATENEO DE MANILA UNIVERSITY,87,96,0,1,83,46 , 166,5 , 69,4 , 84,43 , 144,43 , 84,24 , 150
FAR EASTERN UNIVERSITY,87,96,1,3,97,53 , 155,11 , 67,4 , 96,45 , 129,34 , 71,20 , 132
UNIVERSITY OF THE EAST,87,95,0,0,42,18 , 109,7 , 56,0 , 43,32 , 97,23 , 66,7 , 96
NATIONAL UNIVERSITY,87,95,1,3,75,49 , 123,4 , 34,7 , 74,47 , 98,23 , 43,23 , 113
NATIONAL UNIVERSITY,87,92,0,1,96,54 , 165,12 , 72,7 , 96,36 , 140,46 , 84,24 , 138
ADAMSON UNIVERSITY,87,92,1,3,93,54 , 169,11 , 66,1 , 92,46 , 153,32 , 81,15 , 150
FAR EASTERN UNIVERSITY,87,91,1,3,90,56 , 179,11 , 79,3 , 89,45 , 128,41 , 83,20 , 152
UNIVERSITY OF THE PHILIPPINES,87,91,0,1,86,47 , 171,9 , 78,6 , 87,48 , 155,35 , 79,15 , 153
DE LA SALLE UNIVERSITY,87,88,1,3,75,42 , 134,7 , 42,7 , 73,28 , 100,24 , 59,20 , 112
UNIVERSITY OF THE EAST,87,88,0,0,58,30 , 129,6 , 37,3 , 60,42 , 120,26 , 64,10 , 110
UNIVERSITY OF STO. TOMAS,87,87,1,3,77,43 , 113,8 , 65,5 , 75,27 , 96,20 , 52,14 , 91
ATENEO DE MANILA UNIVERSITY,87,87,0,0,63,37 , 118,4 , 38,1 , 64,33 , 103,30 , 65,11 , 110
UNIVERSITY OF STO. TOMAS,87,84,1,3,112,58 , 195,10 , 76,7 , 112,59 , 171,46 , 89,27 , 172
ADAMSON UNIVERSITY,87,84,0,2,101,60 , 200,9 , 91,5 , 101,60 , 156,43 , 102,25 , 181
DE LA SALLE UNIVERSITY,87,83,1,3,75,46 , 103,6 , 45,3 , 73,32 , 81,25 , 49,19 , 89
ATENEO DE MANILA UNIVERSITY,87,83,0,0,58,36 , 111,2 , 24,2 , 60,32 , 109,31 , 64,18 , 96
NATIONAL UNIVERSITY,87,80,1,3,100,63 , 196,11 , 71,5 , 99,61 , 170,38 , 80,31 , 175
FAR EASTERN UNIVERSITY,87,80,0,1,90,55 , 190,13 , 77,3 , 91,54 , 171,32 , 92,29 , 160
UNIVERSITY OF THE EAST,87,79,0,0,56,30 , 147,5 , 54,0 , 57,38 , 133,15 , 67,8 , 125
UNIVERSITY OF THE PHILIPPINES,87,79,1,3,75,42 , 138,7 , 54,5 , 73,36 , 108,22 , 53,15 , 121
DE LA SALLE UNIVERSITY,87,76,1,3,105,63 , 187,10 , 70,7 , 105,41 , 153,49 , 93,35 , 162
UNIVERSITY OF STO. TOMAS,87,76,0,2,103,55 , 175,9 , 62,0 , 102,58 , 164,42 , 89,31 , 150
ATENEO DE MANILA UNIVERSITY,87,75,1,3,75,40 , 120,2 , 35,12 , 73,41 , 103,25 , 56,21 , 96
ADAMSON UNIVERSITY,87,75,0,0,60,33 , 117,5 , 54,5 , 62,21 , 93,26 , 63,19 , 103
UNIVERSITY OF THE EAST,87,72,0,0,63,32 , 159,6 , 55,1 , 63,51 , 147,26 , 65,8 , 124
FAR EASTERN UNIVERSITY,87,72,1,3,75,50 , 163,4 , 55,4 , 74,76 , 143,26 , 59,22 , 145
UNIVERSITY OF THE PHILIPPINES,87,70,1,3,106,68 , 185,8 , 65,4 , 105,53 , 159,43 , 99,23 , 167
NATIONAL UNIVERSITY,87,70,0,2,109,64 , 188,8 , 61,10 , 110,59 , 167,38 , 93,29 , 157
NATIONAL UNIVERSITY,87,68,1,3,97,52 , 135,10 , 52,5 , 96,52 , 122,33 , 67,23 , 127
DE LA SALLE UNIVERSITY,87,68,0,1,82,46 , 137,8 , 60,3 , 83,40 , 108,49 , 83,20 , 122
FAR EASTERN UNIVERSITY,87,67,1,3,94,54 , 184,11 , 92,4 , 93,60 , 138,34 , 88,25 , 159
UNIVERSITY OF STO. TOMAS,87,67,0,1,95,57 , 191,9 , 71,3 , 96,74 , 160,35 , 84,23 , 171
UNIVERSITY OF THE PHILIPPINES,87,64,0,2,119,69 , 253,14 , 105,7 , 119,58 , 213,31 , 106,23 , 217
ATENEO DE MANILA UNIVERSITY,87,64,1,3,113,74 , 268,7 , 71,2 , 113,54 , 252,40 , 114,27 , 230
ADAMSON UNIVERSITY,87,63,1,3,75,40 , 139,9 , 58,7 , 73,36 , 111,14 , 51,17 , 118
UNIVERSITY OF THE EAST,87,63,0,0,52,28 , 147,9 , 53,3 , 54,43 , 132,28 , 69,7 , 126
NATIONAL UNIVERSITY,87,60,1,3,107,71 , 195,6 , 75,8 , 106,66 , 144,47 , 87,35 , 167
UNIVERSITY OF STO. TOMAS,87,60,0,2,94,44 , 176,10 , 70,4 , 95,69 , 179,43 , 90,27 , 143
ADAMSON UNIVERSITY,87,59,0,2,98,63 , 190,9 , 60,4 , 99,58 , 155,53 , 94,31 , 168
UNIVERSITY OF THE PHILIPPINES,87,59,1,3,104,65 , 176,8 , 79,4 , 103,55 , 133,43 , 92,28 , 161
FAR EASTERN UNIVERSITY,87,56,0,0,59,35 , 113,4 , 44,4 , 60,31 , 97,21 , 67,14 , 96
DE LA SALLE UNIVERSITY,87,56,1,3,75,41 , 110,8 , 46,6 , 74,32 , 92,18 , 53,20 , 99
ATENEO DE MANILA UNIVERSITY,87,55,1,3,107,65 , 237,9 , 80,6 , 106,69 , 197,41 , 92,32 , 216
UNIVERSITY OF THE EAST,87,55,0,2,94,48 , 219,13 , 89,6 , 95,64 , 190,34 , 98,16 , 190
ATENEO DE MANILA UNIVERSITY,87,52,0,1,73,37 , 137,2 , 36,8 , 74,36 , 125,25 , 84,12 , 122
DE LA SALLE UNIVERSITY,87,52,1,3,95,48 , 130,12 , 59,5 , 93,38 , 110,24 , 62,21 , 112
NATIONAL UNIVERSITY,87,51,1,3,75,44 , 129,8 , 54,7 , 73,36 , 104,25 , 56,17 , 110
ADAMSON UNIVERSITY,87,51,0,0,62,29 , 127,9 , 60,1 , 64,34 , 93,24 , 62,11 , 107
UNIVERSITY OF STO. TOMAS,87,48,1,3,75,46 , 111,11 , 46,3 , 73,23 , 92,17 , 59,17 , 92
ATENEO DE MANILA UNIVERSITY,87,48,0,0,64,33 , 114,2 , 40,9 , 66,15 , 96,20 , 65,11 , 102
UNIVERSITY OF THE PHILIPPINES,87,47,0,0,58,38 , 130,3 , 48,2 , 59,29 , 104,21 , 66,8 , 110
NATIONAL UNIVERSITY,87,47,1,3,75,46 , 120,8 , 47,5 , 74,21 , 100,16 , 53,13 , 102
ADAMSON UNIVERSITY,87,44,0,1,63,44 , 152,1 , 57,3 , 64,45 , 124,38 , 87,19 , 125
FAR EASTERN UNIVERSITY,87,44,1,3,98,44 , 137,12 , 45,10 , 97,45 , 122,34 , 56,16 , 116
DE LA SALLE UNIVERSITY,87,43,1,3,98,52 , 163,15 , 60,7 , 97,60 , 138,27 , 63,24 , 143
UNIVERSITY OF THE EAST,87,43,0,1,68,33 , 177,6 , 53,4 , 69,57 , 169,26 , 87,12 , 142
UNIVERSITY OF THE PHILIPPINES,87,40,0,1,71,38 , 170,6 , 70,4 , 72,27 , 153,32 , 87,14 , 142
UNIVERSITY OF STO. TOMAS,87,40,1,3,98,64 , 176,6 , 58,8 , 96,45 , 141,23 , 66,23 , 151
UNIVERSITY OF THE EAST,87,39,0,0,62,38 , 124,5 , 48,2 , 63,28 , 114,11 , 65,7 , 113
FAR EASTERN UNIVERSITY,87,39,1,3,75,42 , 133,6 , 43,7 , 74,22 , 108,19 , 59,13 , 114
FAR EASTERN UNIVERSITY,87,36,1,3,109,52 , 173,20 , 92,5 , 109,40 , 139,24 , 77,17 , 135
ATENEO DE MANILA UNIVERSITY,87,36,0,2,94,61 , 209,2 , 60,5 , 94,42 , 178,28 , 100,24 , 185
DE LA SALLE UNIVERSITY,87,35,1,3,99,57 , 169,13 , 65,9 , 98,40 , 130,26 , 73,17 , 152
UNIVERSITY OF THE PHILIPPINES,87,35,0,1,83,47 , 170,7 , 60,6 , 84,35 , 144,30 , 91,11 , 152
NATIONAL UNIVERSITY,87,32,1,3,75,45 , 114,6 , 35,3 , 74,42 , 96,14 , 38,19 , 93
UNIVERSITY OF THE EAST,87,32,0,0,43,16 , 119,4 , 35,5 , 44,20 , 103,24 , 64,6 , 101
UNIVERSITY OF STO. TOMAS,87,31,1,3,97,54 , 172,8 , 47,4 , 96,32 , 138,27 , 80,22 , 144
ADAMSON UNIVERSITY,87,31,0,1,84,47 , 163,5 , 78,3 , 85,45 , 131,31 , 86,24 , 139
DE LA SALLE UNIVERSITY,87,28,0,2,98,52 , 187,9 , 81,10 , 99,48 , 156,43 , 87,22 , 168
UNIVERSITY OF STO. TOMAS,87,28,1,3,100,59 , 199,9 , 55,2 , 99,62 , 185,25 , 89,26 , 165
ADAMSON UNIVERSITY,87,27,1,3,75,41 , 103,9 , 55,5 , 74,37 , 90,10 , 38,19 , 89
UNIVERSITY OF THE EAST,87,27,0,0,47,27 , 121,5 , 34,1 , 48,22 , 106,24 , 68,5 , 101
NATIONAL UNIVERSITY,87,24,1,3,112,64 , 217,10 , 69,10 , 111,43 , 189,29 , 93,24 , 180
FAR EASTERN UNIVERSITY,87,24,0,2,97,58 , 207,8 , 76,3 , 98,50 , 180,40 , 97,22 , 173
UNIVERSITY OF THE PHILIPPINES,87,23,0,0,58,30 , 109,3 , 50,5 , 60,25 , 88,18 , 63,10 , 96
ATENEO DE MANILA UNIVERSITY,87,23,1,3,75,48 , 112,5 , 35,6 , 74,35 , 107,13 , 52,17 , 102
DE LA SALLE UNIVERSITY,87,18,1,3,76,40 , 124,7 , 43,7 , 75,25 , 98,15 , 60,16 , 107
ADAMSON UNIVERSITY,87,18,0,0,65,34 , 121,0 , 39,3 , 66,33 , 111,12 , 64,11 , 98
UNIVERSITY OF STO. TOMAS,87,19,1,3,100,57 , 198,15 , 80,6 , 99,35 , 158,17 , 83,20 , 168
UNIVERSITY OF THE EAST,87,19,0,1,89,44 , 194,4 , 65,12 , 90,39 , 187,22 , 88,12 , 157
UNIVERSITY OF THE PHILIPPINES,87,16,1,3,98,60 , 161,10 , 63,7 , 97,30 , 143,21 , 81,24 , 145
FAR EASTERN UNIVERSITY,87,16,0,1,88,48 , 172,8 , 70,6 , 89,34 , 137,29 , 88,24 , 156
ATENEO DE MANILA UNIVERSITY,87,14,0,0,57,38 , 127,0 , 26,0 , 59,25 , 115,23 , 66,11 , 113
NATIONAL UNIVERSITY,87,14,1,3,75,42 , 116,10 , 48,5 , 73,25 , 99,19 , 53,19 , 92
NATIONAL UNIVERSITY,87,7,1,3,75,47 , 122,6 , 35,4 , 74,37 , 105,19 , 58,20 , 100
DE LA SALLE UNIVERSITY,87,7,0,0,62,32 , 120,4 , 45,4 , 63,10 , 104,29 , 66,10 , 105
ATENEO DE MANILA UNIVERSITY,87,6,0,2,89,48 , 179,5 , 44,2 , 89,14 , 174,15 , 90,9 , 151
ADAMSON UNIVERSITY,87,6,1,3,106,56 , 162,17 , 76,5 , 106,25 , 139,17 , 75,10 , 138
FAR EASTERN UNIVERSITY,87,3,1,3,91,54 , 159,15 , 68,3 , 90,39 , 125,18 , 74,12 , 144
UNIVERSITY OF STO. TOMAS,87,3,0,1,78,37 , 167,7 , 58,4 , 79,33 , 132,16 , 76,9 , 130
UNIVERSITY OF THE EAST,87,12,0,2,106,55 , 221,9 , 74,5 , 106,48 , 196,19 , 93,7 , 195
UNIVERSITY OF THE PHILIPPINES,87,12,1,3,103,59 , 224,10 , 80,3 , 103,46 , 184,13 , 98,7 , 200
NATIONAL UNIVERSITY,86,129,1,3,100,59 , 161,13 , 69,5 , 99,34 , 131,35 , 77,17 , 144
UNIVERSITY OF STO. TOMAS,86,129,0,1,89,58 , 166,6 , 58,1 , 90,49 , 149,42 , 88,17 , 143
UNIVERSITY OF STO. TOMAS,86,127,0,0,63,41 , 146,1 , 40,2 , 65,41 , 122,28 , 62,15 , 130
NATIONAL UNIVERSITY,86,127,1,3,75,47 , 137,7 , 61,3 , 73,31 , 114,26 , 61,18 , 117
FAR EASTERN UNIVERSITY,86,125,0,0,53,33 , 132,6 , 35,1 , 55,38 , 112,17 , 66,16 , 113
NATIONAL UNIVERSITY,86,125,1,3,77,41 , 122,9 , 47,10 , 75,36 , 105,21 , 50,15 , 100
DE LA SALLE UNIVERSITY,86,122,0,2,97,53 , 193,15 , 98,4 , 97,48 , 165,28 , 89,14 , 166
UNIVERSITY OF STO. TOMAS,86,122,1,3,100,63 , 209,10 , 53,5 , 100,41 , 182,37 , 90,19 , 181
NATIONAL UNIVERSITY,86,120,0,0,63,34 , 123,7 , 44,2 , 64,24 , 104,17 , 61,14 , 107
FAR EASTERN UNIVERSITY,86,120,1,3,75,36 , 121,7 , 39,7 , 74,29 , 98,32 , 55,16 , 103
UNIVERSITY OF STO. TOMAS,86,118,1,3,97,56 , 154,7 , 51,8 , 96,34 , 147,13 , 70,11 , 135
DE LA SALLE UNIVERSITY,86,118,0,1,79,48 , 158,6 , 69,5 , 79,20 , 117,17 , 89,11 , 133
UNIVERSITY OF THE PHILIPPINES,86,116,0,1,89,51 , 183,8 , 85,4 , 90,34 , 148,15 , 88,14 , 163
UNIVERSITY OF THE EAST,86,116,1,3,100,62 , 193,8 , 60,2 , 99,39 , 169,16 , 78,12 , 170
NATIONAL UNIVERSITY,86,114,1,3,75,48 , 124,5 , 30,3 , 73,41 , 111,29 , 56,15 , 109
FAR EASTERN UNIVERSITY,86,114,0,0,62,38 , 126,4 , 40,2 , 64,24 , 107,24 , 64,9 , 108
ATENEO DE MANILA UNIVERSITY,86,113,1,3,75,33 , 110,6 , 49,3 , 73,35 , 109,14 , 43,14 , 98
ADAMSON UNIVERSITY,86,113,0,0,51,27 , 125,9 , 41,1 , 52,27 , 99,31 , 69,8 , 113
DE LA SALLE UNIVERSITY,86,110,1,3,75,39 , 91,11 , 46,4 , 73,31 , 76,19 , 38,17 , 85
ATENEO DE MANILA UNIVERSITY,86,110,0,0,42,25 , 107,2 , 32,3 , 44,35 , 94,26 , 68,10 , 99
UNIVERSITY OF THE EAST,86,109,0,0,45,22 , 95,1 , 40,1 , 46,27 , 109,21 , 61,10 , 80
UNIVERSITY OF STO. TOMAS,86,109,1,3,75,49 , 110,2 , 36,9 , 74,32 , 85,20 , 42,19 , 96
ADAMSON UNIVERSITY,86,106,0,0,48,29 , 108,2 , 35,2 , 49,21 , 88,26 , 63,10 , 102
NATIONAL UNIVERSITY,86,106,1,3,75,51 , 99,4 , 36,3 , 74,25 , 75,13 , 44,15 , 93
FAR EASTERN UNIVERSITY,86,105,1,3,102,54 , 175,12 , 63,2 , 101,42 , 143,30 , 81,19 , 143
UNIVERSITY OF THE PHILIPPINES,86,105,0,1,91,53 , 175,5 , 61,7 , 92,36 , 141,32 , 87,14 , 154
UNIVERSITY OF THE EAST,86,102,0,1,75,36 , 174,11 , 71,6 , 77,45 , 164,31 , 85,11 , 150
FAR EASTERN UNIVERSITY,86,102,1,3,97,64 , 185,6 , 53,4 , 96,45 , 141,23 , 73,22 , 156
DE LA SALLE UNIVERSITY,86,101,1,3,92,50 , 142,12 , 53,1 , 91,27 , 125,25 , 72,19 , 118
ADAMSON UNIVERSITY,86,101,0,1,77,48 , 155,3 , 47,4 , 78,41 , 133,31 , 79,15 , 136
NATIONAL UNIVERSITY,86,98,1,3,97,59 , 165,3 , 47,3 , 96,39 , 133,32 , 77,15 , 138
DE LA SALLE UNIVERSITY,86,98,0,1,86,51 , 166,6 , 65,0 , 87,30 , 126,28 , 85,15 , 139
UNIVERSITY OF THE EAST,86,97,0,1,81,48 , 179,7 , 73,1 , 82,56 , 153,43 , 86,11 , 144
ATENEO DE MANILA UNIVERSITY,86,97,1,3,98,67 , 192,9 , 51,2 , 97,59 , 175,41 , 79,19 , 166
FAR EASTERN UNIVERSITY,86,94,1,3,105,53 , 185,10 , 82,6 , 103,48 , 155,39 , 87,21 , 162
UNIVERSITY OF STO. TOMAS,86,94,0,2,99,53 , 192,12 , 70,7 , 100,53 , 166,46 , 91,18 , 168
ADAMSON UNIVERSITY,86,93,1,3,108,63 , 210,8 , 74,2 , 107,57 , 176,38 , 94,17 , 168
UNIVERSITY OF THE PHILIPPINES,86,93,0,2,103,56 , 199,16 , 89,5 , 104,44 , 161,40 , 92,14 , 172
ATENEO DE MANILA UNIVERSITY,86,90,0,0,53,27 , 117,4 , 35,1 , 54,29 , 102,24 , 63,10 , 108
NATIONAL UNIVERSITY,86,90,1,3,75,43 , 116,5 , 39,6 , 74,47 , 96,29 , 43,17 , 95
UNIVERSITY OF THE PHILIPPINES,86,89,0,1,72,41 , 157,8 , 77,1 , 73,28 , 125,32 , 90,13 , 140
UNIVERSITY OF STO. TOMAS,86,89,1,3,103,68 , 163,9 , 55,4 , 102,56 , 141,22 , 67,21 , 145
DE LA SALLE UNIVERSITY,86,86,1,3,108,66 , 184,11 , 78,6 , 105,47 , 141,34 , 93,23 , 164
UNIVERSITY OF THE EAST,86,86,0,2,102,55 , 186,9 , 58,7 , 102,27 , 166,43 , 101,11 , 150
ADAMSON UNIVERSITY,86,85,0,0,65,37 , 133,6 , 45,4 , 66,30 , 119,26 , 67,10 , 109
FAR EASTERN UNIVERSITY,86,85,1,3,75,46 , 118,11 , 63,2 , 74,22 , 94,21 , 61,15 , 97
FAR EASTERN UNIVERSITY,86,82,1,3,94,60 , 178,8 , 82,2 , 93,68 , 147,30 , 78,27 , 147
ATENEO DE MANILA UNIVERSITY,86,82,0,1,87,47 , 202,7 , 62,11 , 88,66 , 175,36 , 85,18 , 180
UNIVERSITY OF THE PHILIPPINES,86,81,0,1,95,56 , 181,4 , 74,3 , 95,50 , 169,29 , 89,18 , 160
DE LA SALLE UNIVERSITY,86,81,1,3,102,64 , 195,8 , 60,7 , 101,58 , 159,39 , 89,23 , 176
UNIVERSITY OF STO. TOMAS,86,78,1,3,98,64 , 182,3 , 87,5 , 97,63 , 152,40 , 78,21 , 157
ADAMSON UNIVERSITY,86,78,0,1,89,59 , 188,5 , 79,2 , 90,58 , 162,41 , 92,15 , 160
NATIONAL UNIVERSITY,86,77,1,3,75,47 , 107,10 , 49,6 , 74,41 , 95,21 , 35,16 , 89
UNIVERSITY OF THE EAST,86,77,0,0,40,26 , 122,0 , 28,0 , 41,34 , 108,21 , 69,6 , 109
UNIVERSITY OF STO. TOMAS,86,74,0,1,83,51 , 139,4 , 54,2 , 84,30 , 124,37 , 86,14 , 121
NATIONAL UNIVERSITY,86,74,1,3,98,58 , 142,10 , 63,13 , 97,38 , 113,36 , 72,16 , 126
UNIVERSITY OF THE PHILIPPINES,86,73,0,0,49,25 , 112,4 , 48,1 , 51,28 , 93,30 , 65,12 , 91
ATENEO DE MANILA UNIVERSITY,86,73,1,3,75,41 , 115,7 , 41,6 , 73,28 , 97,19 , 43,10 , 102
DE LA SALLE UNIVERSITY,86,70,1,3,75,42 , 114,7 , 40,4 , 73,21 , 92,19 , 54,16 , 98
FAR EASTERN UNIVERSITY,86,70,0,0,58,32 , 117,3 , 37,4 , 60,20 , 89,17 , 63,12 , 104
UNIVERSITY OF THE EAST,86,69,1,3,99,55 , 197,8 , 83,5 , 98,37 , 157,27 , 80,11 , 175
ADAMSON UNIVERSITY,86,69,0,1,87,45 , 203,8 , 69,4 , 88,42 , 161,20 , 86,8 , 177
ATENEO DE MANILA UNIVERSITY,86,66,0,2,106,72 , 232,5 , 87,3 , 107,70 , 205,25 , 101,22 , 204
UNIVERSITY OF STO. TOMAS,86,66,1,3,116,66 , 206,14 , 107,7 , 115,59 , 169,38 , 94,30 , 170
NATIONAL UNIVERSITY,86,65,1,3,105,71 , 181,7 , 56,7 , 104,43 , 130,46 , 85,25 , 163
UNIVERSITY OF THE PHILIPPINES,86,65,0,1,89,40 , 154,15 , 69,2 , 90,36 , 149,28 , 91,12 , 132
UNIVERSITY OF THE PHILIPPINES,86,62,1,3,95,56 , 159,13 , 78,10 , 94,44 , 128,36 , 75,13 , 143
UNIVERSITY OF THE EAST,86,62,0,1,83,51 , 171,7 , 54,2 , 84,57 , 160,36 , 86,16 , 149
FAR EASTERN UNIVERSITY,86,61,1,3,97,49 , 169,15 , 85,3 , 96,57 , 146,30 , 72,15 , 138
ATENEO DE MANILA UNIVERSITY,86,61,0,1,81,52 , 199,2 , 44,1 , 82,61 , 183,33 , 92,14 , 183
ADAMSON UNIVERSITY,86,58,0,1,84,48 , 217,9 , 106,1 , 85,51 , 178,40 , 94,15 , 182
UNIVERSITY OF STO. TOMAS,86,58,1,3,100,60 , 211,4 , 91,4 , 99,61 , 179,31 , 75,22 , 191
DE LA SALLE UNIVERSITY,86,57,1,3,98,57 , 177,13 , 78,4 , 97,29 , 151,39 , 88,22 , 152
NATIONAL UNIVERSITY,86,57,0,2,100,68 , 194,7 , 61,4 , 101,53 , 167,42 , 85,22 , 157
ATENEO DE MANILA UNIVERSITY,86,54,1,3,97,69 , 178,4 , 52,6 , 97,49 , 150,30 , 80,15 , 167
ADAMSON UNIVERSITY,86,54,0,1,86,52 , 169,5 , 80,0 , 87,45 , 155,26 , 81,13 , 138
UNIVERSITY OF STO. TOMAS,86,53,1,3,76,52 , 149,1 , 39,7 , 75,41 , 129,29 , 62,18 , 120
UNIVERSITY OF THE PHILIPPINES,86,53,0,0,66,34 , 117,10 , 67,2 , 68,33 , 110,16 , 63,17 , 95
UNIVERSITY OF THE PHILIPPINES,86,50,0,0,50,34 , 136,2 , 43,1 , 52,39 , 129,22 , 68,8 , 113
DE LA SALLE UNIVERSITY,86,50,1,3,75,42 , 137,9 , 38,4 , 73,34 , 116,21 , 48,16 , 112
UNIVERSITY OF THE EAST,86,49,0,0,48,21 , 124,2 , 41,1 , 49,36 , 121,14 , 63,9 , 99
NATIONAL UNIVERSITY,86,49,1,3,75,44 , 127,6 , 40,7 , 72,34 , 98,17 , 46,17 , 110
ADAMSON UNIVERSITY,86,46,0,0,52,30 , 143,5 , 48,2 , 54,49 , 125,27 , 66,14 , 130
FAR EASTERN UNIVERSITY,86,46,1,3,75,50 , 132,4 , 65,3 , 73,45 , 114,22 , 49,20 , 116
UNIVERSITY OF STO. TOMAS,86,45,1,3,75,50 , 120,6 , 62,8 , 75,39 , 101,23 , 52,19 , 102
ATENEO DE MANILA UNIVERSITY,86,45,0,0,54,28 , 126,2 , 34,5 , 54,33 , 129,18 , 68,9 , 115
FAR EASTERN UNIVERSITY,86,42,0,1,79,43 , 155,4 , 62,4 , 80,38 , 133,30 , 76,13 , 131
NATIONAL UNIVERSITY,86,42,1,3,88,58 , 163,10 , 54,6 , 87,58 , 131,32 , 77,23 , 149
UNIVERSITY OF THE EAST,86,41,0,0,49,25 , 120,3 , 33,0 , 51,42 , 129,15 , 61,6 , 105
DE LA SALLE UNIVERSITY,86,41,1,3,75,45 , 125,10 , 44,6 , 73,44 , 101,24 , 46,18 , 99
UNIVERSITY OF STO. TOMAS,86,38,1,3,108,71 , 197,10 , 75,11 , 108,44 , 153,45 , 93,25 , 172
FAR EASTERN UNIVERSITY,86,38,0,2,100,51 , 176,7 , 91,2 , 100,38 , 155,35 , 89,21 , 146
UNIVERSITY OF THE EAST,86,37,0,1,93,50 , 226,4 , 73,5 , 94,50 , 189,33 , 93,12 , 197
ADAMSON UNIVERSITY,86,37,1,3,105,59 , 219,7 , 77,4 , 104,51 , 190,35 , 84,18 , 191
DE LA SALLE UNIVERSITY,86,32,1,3,75,39 , 102,12 , 45,6 , 73,28 , 80,21 , 48,16 , 85
ATENEO DE MANILA UNIVERSITY,86,32,0,0,53,30 , 108,5 , 26,2 , 55,20 , 104,22 , 63,9 , 89
NATIONAL UNIVERSITY,86,36,1,3,75,48 , 120,3 , 36,5 , 73,26 , 102,25 , 45,19 , 99
UNIVERSITY OF THE PHILIPPINES,86,36,0,0,50,23 , 120,5 , 46,3 , 52,26 , 106,25 , 64,7 , 100
ATENEO DE MANILA UNIVERSITY,86,28,1,3,107,64 , 193,11 , 67,4 , 108,52 , 154,29 , 90,27 , 175
UNIVERSITY OF THE PHILIPPINES,86,28,0,2,98,47 , 171,14 , 97,4 , 98,49 , 128,47 , 98,20 , 162
NATIONAL UNIVERSITY,86,27,1,3,75,52 , 134,5 , 44,1 , 72,27 , 109,22 , 52,17 , 113
ADAMSON UNIVERSITY,86,27,0,0,57,31 , 129,3 , 43,2 , 59,31 , 117,33 , 61,12 , 106
UNIVERSITY OF STO. TOMAS,86,24,1,3,95,58 , 187,7 , 53,2 , 95,23 , 170,29 , 92,16 , 159
DE LA SALLE UNIVERSITY,86,24,0,2,103,64 , 173,15 , 87,5 , 103,33 , 135,33 , 87,18 , 152
FAR EASTERN UNIVERSITY,86,23,1,3,112,61 , 210,9 , 95,6 , 111,40 , 177,29 , 90,23 , 189
UNIVERSITY OF THE EAST,86,23,0,2,98,53 , 216,4 , 72,5 , 98,36 , 185,28 , 101,17 , 191
NATIONAL UNIVERSITY,86,20,1,3,115,74 , 213,13 , 90,1 , 114,86 , 173,43 , 91,23 , 171
ATENEO DE MANILA UNIVERSITY,86,20,0,2,97,57 , 222,4 , 67,4 , 99,64 , 203,35 , 97,20 , 193
ADAMSON UNIVERSITY,86,19,1,3,78,43 , 166,7 , 58,6 , 75,71 , 130,33 , 67,13 , 147
UNIVERSITY OF THE PHILIPPINES,86,19,0,0,70,37 , 159,8 , 73,2 , 72,60 , 134,31 , 66,14 , 137
UNIVERSITY OF THE EAST,86,15,0,1,83,46 , 157,7 , 67,3 , 84,58 , 144,27 , 77,17 , 138
UNIVERSITY OF STO. TOMAS,86,15,1,3,93,62 , 166,6 , 62,5 , 92,41 , 135,26 , 78,19 , 143
DE LA SALLE UNIVERSITY,86,14,1,3,75,37 , 119,6 , 57,4 , 73,35 , 89,29 , 54,13 , 106
FAR EASTERN UNIVERSITY,86,14,0,0,59,33 , 130,3 , 36,1 , 61,38 , 111,27 , 63,12 , 117
NATIONAL UNIVERSITY,86,10,0,0,64,40 , 131,4 , 60,0 , 65,41 , 105,23 , 66,13 , 121
UNIVERSITY OF STO. TOMAS,86,10,1,3,75,47 , 137,8 , 57,4 , 74,34 , 107,24 , 58,22 , 125
FAR EASTERN UNIVERSITY,86,9,1,3,75,46 , 110,8 , 56,2 , 74,32 , 93,12 , 56,14 , 93
UNIVERSITY OF THE PHILIPPINES,86,9,0,0,62,37 , 129,7 , 37,3 , 63,31 , 104,16 , 68,13 , 109
ADAMSON UNIVERSITY,86,4,0,0,50,30 , 130,2 , 34,1 , 52,33 , 108,30 , 63,5 , 112
DE LA SALLE UNIVERSITY,86,4,1,3,75,43 , 115,10 , 41,2 , 73,37 , 102,23 , 47,16 , 95
ATENEO DE MANILA UNIVERSITY,86,3,0,1,84,44 , 171,6 , 54,3 , 82,56 , 142,13 , 85,13 , 152
UNIVERSITY OF THE EAST,86,3,1,3,95,52 , 173,6 , 67,5 , 94,58 , 133,29 , 74,17 , 142
